,TaxonomicNameUsage,typeOfType,typeName,typificationString
0,TNU-1,holotype,Leioproctus aberrans Leijs,
1,TNU-2,holotype,Leioproctus alatus Leijs,
2,TNU-3,holotype,Leioproctus albipilosus Leijs,
3,TNU-4,holotype,Leioproctus albiscopis Leijs,
4,TNU-5,holotype,Leioproctus aliceafontanus Leijs,
5,TNU-6,holotype,Leioproctus altispinosus Leijs,
6,TNU-7,holotype,Leioproctus aratus Leijs,
7,TNU-8,holotype,Leioproctus auricorneus Leijs,
8,TNU-9,holotype,Leioproctus bidentatus Leijs,
9,TNU-10,holotype,Leioproctus ciliatus Leijs,
10,TNU-11,holotype,Leioproctus claviger Leijs,
11,TNU-12,holotype,Leioproctus consobrinus Leijs,
12,TNU-13,holotype,Leioproctus constrictus Leijs,
13,TNU-14,holotype,Leioproctus laciniosus Leijs,
14,TNU-15,holotype,Leioproctus longivultu Leijs,
15,TNU-16,holotype,Leioproctus lucidus Leijs,
16,TNU-17,holotype,Leioproctus nitidifuscus Leijs,
17,TNU-18,holotype,Leioproctus pectinatus Leijs,
18,TNU-19,holotype,Leioproctus pilotapilus Leijs,
19,TNU-20,holotype,Leioproctus quadripinnatus Leijs,
20,TNU-21,holotype,Leioproctus rubicundus Leijs,
21,TNU-22,holotype,Leioproctus rubricinctus Leijs,
22,TNU-23,holotype,Leioproctus similis Leijs,
23,TNU-24,holotype,Leioproctus splendens Leijs,
24,TNU-25,holotype,Leioproctus submetallicus Leijs,
