,family,genus,subgenus,species,scientificName,authorship,holotype,coordinates,taxon_status
0,Colletidae,Leioproctus,Colletellus,aberrans,Leioproctus aberrans,Leijs,"(1♂, 1♀): Female holotype: Bon Bon Stn (",30.7789S; 135.3841E,sp. n.
1,Colletidae,Leioproctus,Colletellus,alatus,Leioproctus alatus,Leijs,"(3♂): Holotype male, Kalbarri NP (",27.8333S; 114.4667E,sp. n.
2,Colletidae,Leioproctus,Colletellus,albipilosus,Leioproctus albipilosus,Leijs,"(1♀): Holotype female, 8 km S of Cape Bertholet (",17.3167S; 122.1667E,sp. n.
3,Colletidae,Leioproctus,Colletellus,albiscopis,Leioproctus albiscopis,Leijs,"(2♀): Holotype female, Arrowsmith River (",29.6166S; 115.2881E,sp. n.
4,Colletidae,Leioproctus,Colletellus,aliceafontanus,Leioproctus aliceafontanus,Leijs,"(7♂): Holotype male, James Ranges (",24.25S; 133.43E,sp. n.
5,Colletidae,Leioproctus,Colletellus,altispinosus,Leioproctus altispinosus,Leijs,"(28♂): Holotype male, 25 km SW of Tangadee (",24.5688S; 118.7636E,sp. n.
6,Colletidae,Leioproctus,Colletellus,aratus,Leioproctus aratus,Leijs,"(1♂): Holotype male, Orange Grove (",32.0233S; 116.0253E,sp. n.
7,Colletidae,Leioproctus,Colletellus,auricorneus,Leioproctus auricorneus,Leijs,"(1♂): Holotype male, 56 km SE of Alice Springs (",24.1833S; 134.0167E,sp. n.
8,Colletidae,Leioproctus,Colletellus,bidentatus,Leioproctus bidentatus,Leijs,"(8♂, 9♀): Holotype female, Gooseberry Hill (",31.9541S; 116.0469E,sp. n.
9,Colletidae,Leioproctus,Colletellus,ciliatus,Leioproctus ciliatus,Leijs,"(7♀): Holotype: female, East Yuna Nature Reserve (",28.4191S; 115.2028E,sp. n.
10,Colletidae,Leioproctus,Colletellus,claviger,Leioproctus claviger,Leijs,"(6♂, 11♀): Holotype female, Dryandra (",32.7802S; 116.9675E,sp. n.
11,Colletidae,Leioproctus,Colletellus,consobrinus,Leioproctus consobrinus,Leijs,"(3♀): Holotype female, 115 km N of Wiluna (",26.5961S; 121.3806E,sp. n.
12,Colletidae,Leioproctus,Colletellus,constrictus,Leioproctus constrictus,Leijs,"(12♂, 29♀): Holotype female, 16 km WNW of Merredin (",31.6169S; 118.3486E,sp. n.
13,Colletidae,Leioproctus,Colletellus,laciniosus,Leioproctus laciniosus,Leijs,"(5♂, 3♀): Holotype female, Bon Bon Stn (",30.7789S; 135.3841E,sp. n.
14,Colletidae,Leioproctus,Colletellus,longivultu,Leioproctus longivultu,Leijs,"(4♀): Holotype female, 7 km E of Boologooro (",24.2733S; 114.0308E,sp. n.
15,Colletidae,Leioproctus,Colletellus,lucidus,Leioproctus lucidus,Leijs,"(1♀): Holotype female, 12 km ENE of Bungalbin Hill (",30.29S; 119.69E,sp. n.
16,Colletidae,Leioproctus,Colletellus,nitidifuscus,Leioproctus nitidifuscus,Leijs,"(6♀): Holotype female, Kalbarri NP (",27.8333S; 114.4667E,sp. n.
17,Colletidae,Leioproctus,Colletellus,pectinatus,Leioproctus pectinatus,Leijs,"(4♀): Holotype female, 25 km SW of Tangadee (",24.5688S; 118.7636E,sp. n.
18,Colletidae,Leioproctus,Colletellus,pilotapilus,Leioproctus pilotapilus,Leijs,"(3♂, 6♀): Holotype female, 41km E of Charlies Knob (",24.6808S; 124.9858E,sp. n.
19,Colletidae,Leioproctus,Colletellus,quadripinnatus,Leioproctus quadripinnatus,Leijs,"(1♂): Holotype male, Eagle Bay (",33.5591S; 115.0692E,sp. n.
20,Colletidae,Leioproctus,Colletellus,rubicundus,Leioproctus rubicundus,Leijs,"(2♂, 5♀): Holotype female, Bon Bon Stn (",30.7789S; 135.3841E,sp. n.
21,Colletidae,Leioproctus,Colletellus,rubricinctus,Leioproctus rubricinctus,Leijs,"(10♂): Holotype male, Bullfinch (",30.5797S; 119.1144E,sp. n.
22,Colletidae,Leioproctus,Colletellus,similis,Leioproctus similis,Leijs,"(4♀): Holotype female, Mt Gibson Stn (",29.8014S; 117.4028E,sp. n.
23,Colletidae,Leioproctus,Colletellus,splendens,Leioproctus splendens,Leijs,"(2♀): Holotype female, 14 km SE of Tamala (",26.3666S; 113.9817E,sp. n.
24,Colletidae,Leioproctus,Colletellus,submetallicus,Leioproctus submetallicus,Leijs,"(2♀, 1♂): Holotype female, Mt Gibson Stn (",29.6870S; 117.3723E,sp. n.
