,TaxonomicNameUsage,typeOfType,typeName,typificationString
0,TNU-1,type species,"Sidarena Irwin, Winterton",
1,TNU-2,holotype,"Sidarena aurantia Irwin, Winterton","Holotypemale, AUSTRALIA: Western Australia: 158 km S Newman, 9 km N Kumarina Roadhouse, Malaise in wide sandy wash, 21/23.V.2003, M.E. Irwin F.D. Parker, 638 m24°37.8'S, 117°36.8'E(GPS) (ANIC)."
2,TNU-3,holotype,"Sidarena flavipalpa Irwin, Winterton","Holotypemale, AUSTRALIA: Queensland: Beaudesert, 14.vii.1953, K.R.N., in cop. (CSCA) (MEI028781)."
3,TNU-4,holotype,"Sidarena geraldton Irwin, Winterton","Holotypemale, AUSTRALIA: Western Australia: Geraldton, 7.vii.1972, N. McFarland (at light) (ANIC) (MEI028795)."
4,TNU-5,holotype,"Sidarena hortorum Irwin, Winterton","Holotypemale, AUSTRALIA: Western Australia: 37 km W Binnu, [-28.033, 114.667], 9.VII.1972, hand netted, N. McFarland. (ANIC) (MEI028783)."
5,TNU-6,holotype,"Sidarena macfarlandi Irwin, Winterton","Holotypemale, AUSTRALIA: Western Australia, Moresby Range, 12.9 km NE Geraldton, Mills Park, [-28.660, 114.661], 1.viii.1973, hand netted, N. McFarland. (MEI028790) (ANIC)."
6,TNU-7,holotype,"Sidarena yallingup Irwin, Winterton","Holotypemale, AUSTRALIA: Western Australia, 37 km N Augusta, [-34.333, 115.167], 1.x.1975, hand netted, K. A. Spencer. (WAM872079) (WAM)."
7,TNU-8,type species,"Zelothrix Irwin, Winterton",
8,TNU-9,holotype,"Zelothrix warrumbungles Irwin, Winterton","Holotypemale, AUSTRALIA: New South Wales: Warrumbungle National Park, 1.7 km N Camp Blackman, Buckleys Creek, [-31.25, 149.002], 480m, 30.x.-14.xi.1997, malaise trap, S. Winterton, J. Skevington. (ANIC) (MEI153269)."
9,TNU-10,holotype,"Zelothrix yeatesi Irwin, Winterton","Holotypemale, AUSTRALIA: Western Australia, Porongurup National Park, [Porongurup Range], Yate Flats, [-34.667, 117.85], 11.xi.1987, malaise trap, M. E. Irwin, E. I. Schlinger (ANIC) (MEI028776)."
