,Id,taxonomicName,according to,taxonomicNameUsageLabel,verbatimNameString,dwc:verbatimRank,taxonomicStatus,acceptedNameUsage,hasParent,kindOfNameUsage,microReference,etymology
0,TNU-1,TN-1,BIB-1,"Sidarena sec Irwin, Winterton 2016",,,Accepted,TNU-1,,gen.nov.,,"The genus name is derived from the GreekSideros, meaning iron, referring to the broad metallic-grey stripe typically present on the thorax; andarena, referring to its habit of landing in sandy patches. Gender is feminine."
1,TNU-2,TN-2,BIB-1,"Sidarena aurantia sec Irwin, Winterton 2016",,,Accepted,TNU-2,,sp.nov.,,"The specific epithet is a Latin adjective in the nominative feminine singular, meaning orange-coloured, referring to the body colouration."
2,TNU-3,TN-3,BIB-1,"Sidarena flavipalpa sec Irwin, Winterton 2016",,,Accepted,TNU-3,,sp.nov.,,"The specific epithet is a noun in apposition derived from combining the Latin adjectiveflavus, meaning yellow, and nounpalpus, meaning feeler, referring to the colour of the palpi."
3,TNU-4,TN-4,BIB-1,"Sidarena geraldton sec Irwin, Winterton 2016",,,Accepted,TNU-4,,sp.nov.,,The specific epithet is the unaltered place name of the type locality for this species; a noun in apposition.
4,TNU-5,TN-5,BIB-1,"Sidarena hortorum sec Irwin, Winterton 2016",,,Accepted,TNU-5,,sp.nov.,,"This species is a patronym named in honour of Fred and Jean Hort, field naturalists and photographers who enthusiastically document the flora and fauna of Western Australia."
5,TNU-6,TN-6,BIB-1,"Sidarena macfarlandi sec Irwin, Winterton 2016",,,Accepted,TNU-6,,sp.nov.,,"This species is named after the collector, Noel McFarland, of this and other species ofin Western Australia."
6,TNU-7,TN-7,BIB-1,"Sidarena yallingup sec Irwin, Winterton 2016",,,Accepted,TNU-7,,sp.nov.,,The specific epithet is the unaltered place name Yallingup (which is an Aboriginal word meaning ‘Place of Love’) for a location in southwestern Western Australia where this species was collected; a noun in apposition.
7,TNU-8,TN-8,BIB-1,"Zelothrix sec Irwin, Winterton 2016",,,Accepted,TNU-8,,gen.nov.,,"This name is derived from the Greek,Zelos– emulation, andthrix– hair, for the setal pile on the female abdomen. Gender is feminine."
8,TNU-9,TN-9,BIB-1,"Zelothrix warrumbungles sec Irwin, Winterton 2016",,,Accepted,TNU-9,,sp.nov.,,"The specific epithet is the unaltered place name Warrumbungles (which is an Aborignal name for this mountain range, meaning “crooked mountains”) referring to the mountain range where this species was collected; a noun in apposition."
9,TNU-10,TN-10,BIB-1,"Zelothrix yeatesi sec Irwin, Winterton 2016",,,Accepted,TNU-10,,sp.nov.,,"This distinctive species is a patronym named in honour of our colleague, friend and oft mentor, Dr David K. Yeates."
