,TaxonomicNameUsage,typeOfType,typeName,typificationString
0,TNU-1,type species,"Sidarena Irwin, Winterton",
1,TNU-2,holotype,"Sidarena aurantia Irwin, Winterton",
2,TNU-3,holotype,"Sidarena flavipalpa Irwin, Winterton",
3,TNU-4,holotype,"Sidarena geraldton Irwin, Winterton",
4,TNU-5,holotype,"Sidarena hortorum Irwin, Winterton",
5,TNU-6,holotype,"Sidarena macfarlandi Irwin, Winterton",
6,TNU-7,holotype,"Sidarena yallingup Irwin, Winterton",
7,TNU-8,type species,"Zelothrix Irwin, Winterton",
8,TNU-9,holotype,"Zelothrix warrumbungles Irwin, Winterton",
9,TNU-10,holotype,"Zelothrix yeatesi Irwin, Winterton",
