,id,taxonomicNameString,fullNameWithAuthorship,rank,uninomial,genus,infragenericEpithet,specificEpithet,infraspecificEpithet,cultivarNameGroup,taxonomicNameAuthorship,combinationAuthorship,basionymAuthorship,combinationExAuthorship,basionymExAuthorship,publicationYear,nomenclaturalCode,nomenclaturalStatus,basedOn,kindOfName,nameRegistrationString
0,TN-0,Sidarena ,Sidarena  ,genus,Sidarena ,,,,,,,,,,,,Zoological,,,scientific,
1,TN-1,Sidarena aurantia,Sidarena aurantia ,species,,Sidarena,,aurantia,,,,,,,,,Zoological,,,scientific,
2,TN-2,Sidarena flavipalpa,Sidarena flavipalpa ,species,,Sidarena,,flavipalpa,,,,,,,,,Zoological,,,scientific,
3,TN-3,Sidarena geraldton,Sidarena geraldton ,species,,Sidarena,,geraldton,,,,,,,,,Zoological,,,scientific,
4,TN-4,Sidarena hortorum,Sidarena hortorum ,species,,Sidarena,,hortorum,,,,,,,,,Zoological,,,scientific,
5,TN-5,Sidarena macfarlandi,Sidarena macfarlandi ,species,,Sidarena,,macfarlandi,,,,,,,,,Zoological,,,scientific,
6,TN-6,Sidarena yallingup,Sidarena yallingup ,species,,Sidarena,,yallingup,,,,,,,,,Zoological,,,scientific,
7,TN-7,Zelothrix ,Zelothrix  ,genus,Zelothrix ,,,,,,,,,,,,Zoological,,,scientific,
8,TN-8,Zelothrix warrumbungles,Zelothrix warrumbungles ,species,,Zelothrix,,warrumbungles,,,,,,,,,Zoological,,,scientific,
9,TN-9,Zelothrix yeatesi,Zelothrix yeatesi ,species,,Zelothrix,,yeatesi,,,,,,,,,Zoological,,,scientific,
