,TaxonomicNameUsage,typeOfType,typeName,typificationString
0,TNU-1,type species,"Barryichthys Conway, Moore, Summers",
1,TNU-2,holotype,"Barryichthys hutchinsi Conway, Moore, Summers","WAMP.28981-004, male, 15.4 mmSL; Western Australia, Cottesloe Reef platform, Perth (31°59'00.0""S, 115°45'00.0""E), 16 January 1986, J. Keesing et al.,CTscan:https://doi.org/10.17602/M2/M78748."
2,TNU-2,paratype,"Barryichthys hutchinsi Conway, Moore, Summers","Western Australia:WAMP.28981-003, 4, 16.0–16.9 mmSL; same data as holotype. –WAMP.34510-001, 5 (2 C&S), 14.2–16.3 mmSL; Western Australia, Cottesloe Reef platform, Perth (31°58'59""S, 115°45'00""E), 29 January 1985, J. Keesing. –WAMP. 34940-001, 1, female, 18.7 mmSL; Trigg Reef platform, Perth (31°52'46.5""S, 115°45'04.7""E), 13 January 1986, J. Keesing et al."
3,TNU-3,holotype,"Barryichthys algicola Conway, Moore, Summers","WAMP.27127-016, female, 16.8 mmSL; Victoria, Jubilee Point, Sorrento (38°20'00""S, 144°45'00""E), 3 March 1981, J.B. Hutchins,CTscanhttps://doi.org/10.17602/M2/M78489."
4,TNU-3,paratype,"Barryichthys algicola Conway, Moore, Summers","New South Wales:AMSI.137167-002, 1, 14.2 mmSL; Cape Banks, Botany Bay (34°00'00.0""S, 151°15'00.0""E), 01 March 1992–06 July 1993, N Gallahar.Victoria:WAMP.27127-001, 2, 16.0–21.0 mmSL; Same as holotype.Tasmania:AMSI.17555-002, 3, 15.5–15.7 mmSL; The Gardens, north of Binalong Bay (41°14'21.3""S, 148°17'35.8""E), D. Hoese & W. Ivanstoff. –AMSI.17576-012, 1, 19.0 mmSL; The Gardens, north of Binalong Bay (41°14'21.3""S, 148°17'35.8""E), D. Hoese & W. Ivanstoff. –AMSI.46787-001, 1, 15.6 mmSL; Coles Bay (42°07'28.0""S, 148°16'54.0""E), H. Lloyd. –WAMP.27572-004, 2, 10.0–13.0 mmSL; West Point, Marrawah (40°55'00""S, 144°42'00""E), 13 March 1982, J.B. Hutchins. –WAMP.27576-003, 1, 14.0 mmSL; north side of Granville Harbour (41°49'00""S, 145°01'00""E), 18 March 1982, J.B. Hutchins. –WAMP.27559-007, 10 (2C&S), 9.0–12.0 mmSL; St. Helens Point (41°16'00""S, 148°22'00""E), 25 February 1982, J.B. Hutchins."
